Index,Amount,Time,Category,Subcategory,ResponsibeUnit,RelatedUnit,TransactionAmount,AllRelatedUnits,Describtion
0,266,1397-01-12,Bills,Water,,4,,,
1,266,1397-01-12,Bills,Water,,3,,,
2,266,1397-01-12,Bills,Water,,5,,,
3,266,1397-01-12,Bills,Water,,10,,,
4,266,1397-01-12,Bills,Water,,1,,,
5,266,1397-01-12,Bills,Water,,8,,,
6,266,1397-01-12,Bills,Water,,9,,,
7,283,1397-02-14,Bills,Water,,4,,,
8,283,1397-02-14,Bills,Water,,5,,,
9,283,1397-02-14,Bills,Water,,1,,,
10,283,1397-02-14,Bills,Water,,8,,,
11,283,1397-02-14,Bills,Water,,9,,,
12,283,1397-02-14,Bills,Water,,7,,,
13,283,1397-02-14,Bills,Water,,2,,,
14,283,1397-02-14,Bills,Water,,6,,,
15,193,1397-05-11,Bills,Water,,4,,,
16,193,1397-05-11,Bills,Water,,3,,,
17,193,1397-05-11,Bills,Water,,5,,,
18,193,1397-05-11,Bills,Water,,10,,,
19,193,1397-05-11,Bills,Water,,1,,,
20,193,1397-05-11,Bills,Water,,9,,,
21,193,1397-05-11,Bills,Water,,7,,,
22,193,1397-05-11,Bills,Water,,2,,,
23,188,1397-06-11,Bills,Water,,4,,,
24,188,1397-06-11,Bills,Water,,3,,,
25,188,1397-06-11,Bills,Water,,5,,,
26,188,1397-06-11,Bills,Water,,10,,,
27,188,1397-06-11,Bills,Water,,1,,,
28,188,1397-06-11,Bills,Water,,8,,,
29,188,1397-06-11,Bills,Water,,9,,,
30,188,1397-06-11,Bills,Water,,7,,,
31,188,1397-06-11,Bills,Water,,2,,,
32,188,1397-06-11,Bills,Water,,6,,,
33,381,1397-12-05,Bills,Water,,4,,,
34,381,1397-12-05,Bills,Water,,5,,,
35,381,1397-12-05,Bills,Water,,10,,,
36,381,1397-12-05,Bills,Water,,8,,,
37,381,1397-12-05,Bills,Water,,7,,,
38,381,1397-12-05,Bills,Water,,6,,,
39,327,1398-01-07,Bills,Water,,4,,,
40,327,1398-01-07,Bills,Water,,5,,,
41,327,1398-01-07,Bills,Water,,10,,,
42,327,1398-01-07,Bills,Water,,8,,,
43,327,1398-01-07,Bills,Water,,7,,,
44,327,1398-01-07,Bills,Water,,2,,,
45,212,1398-02-10,Bills,Water,,4,,,
46,212,1398-02-10,Bills,Water,,3,,,
47,212,1398-02-10,Bills,Water,,5,,,
48,212,1398-02-10,Bills,Water,,10,,,
49,212,1398-02-10,Bills,Water,,1,,,
50,212,1398-02-10,Bills,Water,,9,,,
51,212,1398-02-10,Bills,Water,,7,,,
52,212,1398-02-10,Bills,Water,,2,,,
53,212,1398-02-10,Bills,Water,,6,,,
54,371,1398-06-05,Bills,Water,,4,,,
55,371,1398-06-05,Bills,Water,,2,,,
56,395,1398-07-03,Bills,Water,,4,,,
57,395,1398-07-03,Bills,Water,,3,,,
58,395,1398-07-03,Bills,Water,,1,,,
59,395,1398-07-03,Bills,Water,,8,,,
60,395,1398-07-03,Bills,Water,,9,,,
61,395,1398-07-03,Bills,Water,,7,,,
62,395,1398-07-03,Bills,Water,,6,,,
63,419,1398-08-02,Bills,Water,,4,,,
64,419,1398-08-02,Bills,Water,,3,,,
65,419,1398-08-02,Bills,Water,,5,,,
66,419,1398-08-02,Bills,Water,,10,,,
67,419,1398-08-02,Bills,Water,,1,,,
68,419,1398-08-02,Bills,Water,,8,,,
69,419,1398-08-02,Bills,Water,,9,,,
70,419,1398-08-02,Bills,Water,,7,,,
71,419,1398-08-02,Bills,Water,,2,,,
72,419,1398-08-02,Bills,Water,,6,,,
73,311,1398-12-03,Bills,Water,,4,,,
74,311,1398-12-03,Bills,Water,,3,,,
75,311,1398-12-03,Bills,Water,,5,,,
76,311,1398-12-03,Bills,Water,,2,,,
77,272,1399-01-01,Bills,Water,,4,,,
78,272,1399-01-01,Bills,Water,,3,,,
79,272,1399-01-01,Bills,Water,,5,,,
80,272,1399-01-01,Bills,Water,,1,,,
81,272,1399-01-01,Bills,Water,,8,,,
82,272,1399-01-01,Bills,Water,,2,,,
83,272,1399-01-01,Bills,Water,,6,,,
84,267,1399-02-04,Bills,Water,,4,,,
85,267,1399-02-04,Bills,Water,,3,,,
86,267,1399-02-04,Bills,Water,,5,,,
87,267,1399-02-04,Bills,Water,,10,,,
88,267,1399-02-04,Bills,Water,,1,,,
89,267,1399-02-04,Bills,Water,,8,,,
90,267,1399-02-04,Bills,Water,,9,,,
91,267,1399-02-04,Bills,Water,,7,,,
92,267,1399-02-04,Bills,Water,,2,,,
93,267,1399-02-04,Bills,Water,,6,,,
94,92,1397-01-08,Bills,Electricity,,4,,,
95,92,1397-01-08,Bills,Electricity,,10,,,
96,92,1397-01-08,Bills,Electricity,,1,,,
97,92,1397-01-08,Bills,Electricity,,9,,,
98,92,1397-01-08,Bills,Electricity,,2,,,
99,111,1397-05-24,Bills,Electricity,,4,,,
100,111,1397-05-24,Bills,Electricity,,10,,,
101,111,1397-05-24,Bills,Electricity,,1,,,
102,108,1397-07-08,Bills,Electricity,,4,,,
103,108,1397-07-08,Bills,Electricity,,3,,,
104,108,1397-07-08,Bills,Electricity,,5,,,
105,108,1397-07-08,Bills,Electricity,,10,,,
106,108,1397-07-08,Bills,Electricity,,8,,,
107,108,1397-07-08,Bills,Electricity,,9,,,
108,108,1397-07-08,Bills,Electricity,,7,,,
109,108,1397-07-08,Bills,Electricity,,2,,,
110,116,1397-08-23,Bills,Electricity,,4,,,
111,116,1397-08-23,Bills,Electricity,,3,,,
112,116,1397-08-23,Bills,Electricity,,5,,,
113,116,1397-08-23,Bills,Electricity,,1,,,
114,116,1397-08-23,Bills,Electricity,,8,,,
115,116,1397-08-23,Bills,Electricity,,9,,,
116,116,1397-08-23,Bills,Electricity,,7,,,
117,116,1397-08-23,Bills,Electricity,,2,,,
118,116,1397-08-23,Bills,Electricity,,6,,,
119,115,1397-10-02,Bills,Electricity,,4,,,
120,115,1397-10-02,Bills,Electricity,,3,,,
121,115,1397-10-02,Bills,Electricity,,5,,,
122,115,1397-10-02,Bills,Electricity,,10,,,
123,115,1397-10-02,Bills,Electricity,,8,,,
124,115,1397-10-02,Bills,Electricity,,7,,,
125,115,1397-10-02,Bills,Electricity,,2,,,
126,115,1397-10-02,Bills,Electricity,,6,,,
127,131,1398-01-06,Bills,Electricity,,4,,,
128,131,1398-01-06,Bills,Electricity,,3,,,
129,131,1398-01-06,Bills,Electricity,,5,,,
130,131,1398-01-06,Bills,Electricity,,10,,,
131,131,1398-01-06,Bills,Electricity,,8,,,
132,131,1398-01-06,Bills,Electricity,,9,,,
133,131,1398-01-06,Bills,Electricity,,7,,,
134,131,1398-01-06,Bills,Electricity,,2,,,
135,131,1398-01-06,Bills,Electricity,,6,,,
136,110,1398-02-23,Bills,Electricity,,4,,,
137,110,1398-02-23,Bills,Electricity,,3,,,
138,110,1398-02-23,Bills,Electricity,,5,,,
139,110,1398-02-23,Bills,Electricity,,1,,,
140,110,1398-02-23,Bills,Electricity,,8,,,
141,110,1398-02-23,Bills,Electricity,,9,,,
142,110,1398-02-23,Bills,Electricity,,7,,,
143,110,1398-02-23,Bills,Electricity,,2,,,
144,126,1398-04-02,Bills,Electricity,,4,,,
145,126,1398-04-02,Bills,Electricity,,3,,,
146,126,1398-04-02,Bills,Electricity,,1,,,
147,126,1398-04-02,Bills,Electricity,,8,,,
148,126,1398-04-02,Bills,Electricity,,9,,,
149,126,1398-04-02,Bills,Electricity,,7,,,
150,126,1398-04-02,Bills,Electricity,,2,,,
151,132,1398-05-20,Bills,Electricity,,4,,,
152,132,1398-05-20,Bills,Electricity,,3,,,
153,132,1398-05-20,Bills,Electricity,,5,,,
154,132,1398-05-20,Bills,Electricity,,10,,,
155,132,1398-05-20,Bills,Electricity,,9,,,
156,132,1398-05-20,Bills,Electricity,,7,,,
157,132,1398-05-20,Bills,Electricity,,2,,,
158,132,1398-05-20,Bills,Electricity,,6,,,
159,123,1398-06-30,Bills,Electricity,,4,,,
160,123,1398-06-30,Bills,Electricity,,10,,,
161,123,1398-06-30,Bills,Electricity,,7,,,
162,123,1398-06-30,Bills,Electricity,,2,,,
163,157,1398-11-18,Bills,Electricity,,4,,,
164,157,1398-11-18,Bills,Electricity,,10,,,
165,157,1398-11-18,Bills,Electricity,,8,,,
166,157,1398-11-18,Bills,Electricity,,9,,,
167,157,1398-11-18,Bills,Electricity,,2,,,
168,143,1399-01-01,Bills,Electricity,,4,,,
169,143,1399-01-01,Bills,Electricity,,3,,,
170,143,1399-01-01,Bills,Electricity,,5,,,
171,143,1399-01-01,Bills,Electricity,,10,,,
172,143,1399-01-01,Bills,Electricity,,1,,,
173,143,1399-01-01,Bills,Electricity,,8,,,
174,143,1399-01-01,Bills,Electricity,,9,,,
175,143,1399-01-01,Bills,Electricity,,2,,,
176,143,1399-01-01,Bills,Electricity,,6,,,
177,309,1397-01-08,Bills,Gas,,4,,,
178,309,1397-01-08,Bills,Gas,,10,,,
179,302,1397-05-07,Bills,Gas,,4,,,
180,302,1397-05-07,Bills,Gas,,3,,,
181,302,1397-05-07,Bills,Gas,,5,,,
182,302,1397-05-07,Bills,Gas,,8,,,
183,302,1397-05-07,Bills,Gas,,9,,,
184,302,1397-05-07,Bills,Gas,,7,,,
185,302,1397-05-07,Bills,Gas,,2,,,
186,302,1397-05-07,Bills,Gas,,6,,,
187,435,1397-06-17,Bills,Gas,,4,,,
188,435,1397-06-17,Bills,Gas,,1,,,
189,435,1397-06-17,Bills,Gas,,9,,,
190,435,1397-06-17,Bills,Gas,,7,,,
191,435,1397-06-17,Bills,Gas,,2,,,
192,480,1397-07-22,Bills,Gas,,4,,,
193,480,1397-07-22,Bills,Gas,,3,,,
194,480,1397-07-22,Bills,Gas,,5,,,
195,480,1397-07-22,Bills,Gas,,1,,,
196,480,1397-07-22,Bills,Gas,,8,,,
197,480,1397-07-22,Bills,Gas,,9,,,
198,480,1397-07-22,Bills,Gas,,6,,,
199,542,1397-11-27,Bills,Gas,,4,,,
200,542,1397-11-27,Bills,Gas,,5,,,
201,542,1397-11-27,Bills,Gas,,9,,,
202,542,1397-11-27,Bills,Gas,,7,,,
203,542,1397-11-27,Bills,Gas,,2,,,
204,487,1398-02-14,Bills,Gas,,4,,,
205,487,1398-02-14,Bills,Gas,,5,,,
206,487,1398-02-14,Bills,Gas,,1,,,
207,487,1398-02-14,Bills,Gas,,2,,,
208,605,1398-03-22,Bills,Gas,,4,,,
209,605,1398-03-22,Bills,Gas,,3,,,
210,605,1398-03-22,Bills,Gas,,10,,,
211,605,1398-03-22,Bills,Gas,,1,,,
212,559,1398-05-04,Bills,Gas,,4,,,
213,559,1398-05-04,Bills,Gas,,3,,,
214,559,1398-05-04,Bills,Gas,,5,,,
215,559,1398-05-04,Bills,Gas,,10,,,
216,559,1398-05-04,Bills,Gas,,1,,,
217,559,1398-05-04,Bills,Gas,,8,,,
218,559,1398-05-04,Bills,Gas,,9,,,
219,559,1398-05-04,Bills,Gas,,7,,,
220,559,1398-05-04,Bills,Gas,,2,,,
221,559,1398-05-04,Bills,Gas,,6,,,
222,521,1398-09-03,Bills,Gas,,4,,,
223,521,1398-09-03,Bills,Gas,,8,,,
224,521,1398-09-03,Bills,Gas,,9,,,
225,521,1398-09-03,Bills,Gas,,2,,,
226,811,1398-10-08,Bills,Gas,,4,,,
227,811,1398-10-08,Bills,Gas,,3,,,
228,811,1398-10-08,Bills,Gas,,5,,,
229,811,1398-10-08,Bills,Gas,,10,,,
230,811,1398-10-08,Bills,Gas,,1,,,
231,811,1398-10-08,Bills,Gas,,8,,,
232,811,1398-10-08,Bills,Gas,,9,,,
233,811,1398-10-08,Bills,Gas,,7,,,
234,811,1398-10-08,Bills,Gas,,2,,,
235,499,1398-11-19,Bills,Gas,,4,,,
236,499,1398-11-19,Bills,Gas,,3,,,
237,499,1398-11-19,Bills,Gas,,5,,,
238,499,1398-11-19,Bills,Gas,,1,,,
239,499,1398-11-19,Bills,Gas,,8,,,
240,524,1399-04-24,Bills,Gas,,4,,,
241,524,1399-04-24,Bills,Gas,,3,,,
242,524,1399-04-24,Bills,Gas,,10,,,
243,524,1399-04-24,Bills,Gas,,1,,,
244,524,1399-04-24,Bills,Gas,,8,,,
245,524,1399-04-24,Bills,Gas,,7,,,
246,524,1399-04-24,Bills,Gas,,2,,,
247,524,1399-04-24,Bills,Gas,,6,,,
248,2579,1397-03-03,Bills,tax,,4,,,
249,2579,1397-03-03,Bills,tax,,3,,,
250,2579,1397-03-03,Bills,tax,,5,,,
251,2579,1397-03-03,Bills,tax,,10,,,
252,2579,1397-03-03,Bills,tax,,1,,,
253,2579,1397-03-03,Bills,tax,,8,,,
254,2579,1397-03-03,Bills,tax,,9,,,
255,2579,1397-03-03,Bills,tax,,7,,,
256,2579,1397-03-03,Bills,tax,,2,,,
257,2579,1397-03-03,Bills,tax,,6,,,
258,2608,1397-09-17,Bills,tax,,4,,,
259,2608,1397-09-17,Bills,tax,,5,,,
260,2608,1397-09-17,Bills,tax,,10,,,
261,2608,1397-09-17,Bills,tax,,1,,,
262,2608,1397-09-17,Bills,tax,,8,,,
263,2608,1397-09-17,Bills,tax,,9,,,
264,2608,1397-09-17,Bills,tax,,7,,,
265,2608,1397-09-17,Bills,tax,,6,,,
266,1545,1398-01-05,Bills,tax,,4,,,
267,1545,1398-01-05,Bills,tax,,9,,,
268,1545,1398-01-05,Bills,tax,,7,,,
269,1545,1398-01-05,Bills,tax,,2,,,
270,241,1397-02-15,Cleaning,,,4,,,
271,241,1397-02-15,Cleaning,,,3,,,
272,241,1397-02-15,Cleaning,,,5,,,
273,241,1397-02-15,Cleaning,,,10,,,
274,241,1397-02-15,Cleaning,,,1,,,
275,241,1397-02-15,Cleaning,,,2,,,
276,241,1397-02-15,Cleaning,,,6,,,
277,244,1397-03-07,Cleaning,,,4,,,
278,244,1397-03-07,Cleaning,,,5,,,
279,244,1397-03-07,Cleaning,,,10,,,
280,244,1397-03-07,Cleaning,,,1,,,
281,244,1397-03-07,Cleaning,,,8,,,
282,244,1397-03-07,Cleaning,,,9,,,
283,244,1397-03-07,Cleaning,,,7,,,
284,244,1397-03-07,Cleaning,,,2,,,
285,244,1397-03-07,Cleaning,,,6,,,
286,239,1397-03-17,Cleaning,,,4,,,
287,239,1397-03-17,Cleaning,,,3,,,
288,239,1397-03-17,Cleaning,,,5,,,
289,239,1397-03-17,Cleaning,,,10,,,
290,239,1397-03-17,Cleaning,,,1,,,
291,239,1397-03-17,Cleaning,,,8,,,
292,239,1397-03-17,Cleaning,,,2,,,
293,233,1397-03-30,Cleaning,,,4,,,
294,233,1397-03-30,Cleaning,,,3,,,
295,233,1397-03-30,Cleaning,,,10,,,
296,233,1397-03-30,Cleaning,,,1,,,
297,233,1397-03-30,Cleaning,,,8,,,
298,233,1397-03-30,Cleaning,,,9,,,
299,233,1397-03-30,Cleaning,,,7,,,
300,233,1397-03-30,Cleaning,,,6,,,
301,229,1397-05-19,Cleaning,,,4,,,
302,229,1397-05-19,Cleaning,,,5,,,
303,229,1397-05-19,Cleaning,,,1,,,
304,229,1397-05-19,Cleaning,,,8,,,
305,229,1397-05-19,Cleaning,,,9,,,
306,229,1397-05-19,Cleaning,,,7,,,
307,229,1397-05-19,Cleaning,,,6,,,
308,257,1397-06-06,Cleaning,,,4,,,
309,257,1397-06-06,Cleaning,,,3,,,
310,257,1397-06-06,Cleaning,,,5,,,
311,257,1397-06-06,Cleaning,,,10,,,
312,257,1397-06-06,Cleaning,,,1,,,
313,257,1397-06-06,Cleaning,,,8,,,
314,257,1397-06-06,Cleaning,,,9,,,
315,257,1397-06-06,Cleaning,,,7,,,
316,257,1397-06-06,Cleaning,,,2,,,
317,257,1397-06-06,Cleaning,,,6,,,
318,254,1397-06-20,Cleaning,,,4,,,
319,254,1397-06-20,Cleaning,,,3,,,
320,254,1397-06-20,Cleaning,,,1,,,
321,254,1397-06-20,Cleaning,,,8,,,
322,254,1397-06-20,Cleaning,,,7,,,
323,254,1397-06-20,Cleaning,,,2,,,
324,245,1397-07-27,Cleaning,,,4,,,
325,245,1397-07-27,Cleaning,,,10,,,
326,245,1397-07-27,Cleaning,,,8,,,
327,245,1397-07-27,Cleaning,,,9,,,
328,245,1397-07-27,Cleaning,,,2,,,
329,244,1397-08-19,Cleaning,,,4,,,
330,263,1397-08-27,Cleaning,,,4,,,
331,263,1397-08-27,Cleaning,,,3,,,
332,263,1397-08-27,Cleaning,,,10,,,
333,263,1397-08-27,Cleaning,,,1,,,
334,263,1397-08-27,Cleaning,,,8,,,
335,263,1397-08-27,Cleaning,,,9,,,
336,263,1397-08-27,Cleaning,,,7,,,
337,263,1397-08-27,Cleaning,,,2,,,
338,269,1397-09-14,Cleaning,,,4,,,
339,269,1397-09-14,Cleaning,,,3,,,
340,269,1397-09-14,Cleaning,,,5,,,
341,269,1397-09-14,Cleaning,,,10,,,
342,269,1397-09-14,Cleaning,,,1,,,
343,269,1397-09-14,Cleaning,,,8,,,
344,269,1397-09-14,Cleaning,,,9,,,
345,269,1397-09-14,Cleaning,,,7,,,
346,269,1397-09-14,Cleaning,,,2,,,
347,269,1397-09-14,Cleaning,,,6,,,
348,293,1397-10-26,Cleaning,,,4,,,
349,293,1397-10-26,Cleaning,,,3,,,
350,293,1397-10-26,Cleaning,,,8,,,
351,293,1397-10-26,Cleaning,,,2,,,
352,293,1397-10-26,Cleaning,,,6,,,
353,276,1397-11-17,Cleaning,,,4,,,
354,276,1397-11-17,Cleaning,,,5,,,
355,276,1397-11-17,Cleaning,,,8,,,
356,276,1397-11-17,Cleaning,,,9,,,
357,276,1397-11-17,Cleaning,,,7,,,
358,276,1397-11-17,Cleaning,,,2,,,
359,276,1397-11-17,Cleaning,,,6,,,
360,276,1397-12-03,Cleaning,,,4,,,
361,276,1397-12-03,Cleaning,,,3,,,
362,276,1397-12-03,Cleaning,,,5,,,
363,276,1397-12-03,Cleaning,,,10,,,
364,276,1397-12-03,Cleaning,,,1,,,
365,276,1397-12-03,Cleaning,,,8,,,
366,276,1397-12-03,Cleaning,,,9,,,
367,276,1397-12-03,Cleaning,,,7,,,
368,276,1397-12-03,Cleaning,,,2,,,
369,276,1397-12-03,Cleaning,,,6,,,
370,289,1397-12-14,Cleaning,,,4,,,
371,289,1397-12-14,Cleaning,,,5,,,
372,289,1397-12-14,Cleaning,,,1,,,
373,289,1397-12-14,Cleaning,,,8,,,
374,289,1397-12-14,Cleaning,,,9,,,
375,289,1397-12-14,Cleaning,,,7,,,
376,289,1397-12-14,Cleaning,,,2,,,
377,289,1397-12-14,Cleaning,,,6,,,
378,293,1398-01-29,Cleaning,,,4,,,
379,293,1398-01-29,Cleaning,,,3,,,
380,293,1398-01-29,Cleaning,,,5,,,
381,293,1398-01-29,Cleaning,,,10,,,
382,293,1398-01-29,Cleaning,,,1,,,
383,293,1398-01-29,Cleaning,,,8,,,
384,293,1398-01-29,Cleaning,,,9,,,
385,293,1398-01-29,Cleaning,,,7,,,
386,293,1398-01-29,Cleaning,,,2,,,
387,293,1398-01-29,Cleaning,,,6,,,
388,310,1398-02-17,Cleaning,,,4,,,
389,310,1398-02-17,Cleaning,,,5,,,
390,310,1398-02-17,Cleaning,,,1,,,
391,310,1398-02-17,Cleaning,,,8,,,
392,310,1398-02-17,Cleaning,,,9,,,
393,310,1398-02-17,Cleaning,,,7,,,
394,310,1398-02-17,Cleaning,,,2,,,
395,310,1398-02-17,Cleaning,,,6,,,
396,287,1398-04-02,Cleaning,,,4,,,
397,287,1398-04-02,Cleaning,,,3,,,
398,287,1398-04-02,Cleaning,,,5,,,
399,287,1398-04-02,Cleaning,,,10,,,
400,287,1398-04-02,Cleaning,,,1,,,
401,287,1398-04-02,Cleaning,,,8,,,
402,287,1398-04-02,Cleaning,,,9,,,
403,287,1398-04-02,Cleaning,,,7,,,
404,287,1398-04-02,Cleaning,,,6,,,
405,298,1398-04-08,Cleaning,,,4,,,
406,298,1398-04-08,Cleaning,,,3,,,
407,298,1398-04-08,Cleaning,,,5,,,
408,298,1398-04-08,Cleaning,,,1,,,
409,298,1398-04-08,Cleaning,,,8,,,
410,298,1398-04-08,Cleaning,,,9,,,
411,298,1398-04-08,Cleaning,,,2,,,
412,298,1398-04-08,Cleaning,,,6,,,
413,301,1398-04-26,Cleaning,,,4,,,
414,301,1398-04-26,Cleaning,,,3,,,
415,301,1398-04-26,Cleaning,,,5,,,
416,301,1398-04-26,Cleaning,,,10,,,
417,301,1398-04-26,Cleaning,,,8,,,
418,301,1398-04-26,Cleaning,,,9,,,
419,300,1398-05-17,Cleaning,,,4,,,
420,300,1398-05-17,Cleaning,,,5,,,
421,300,1398-05-17,Cleaning,,,8,,,
422,300,1398-05-17,Cleaning,,,9,,,
423,300,1398-05-17,Cleaning,,,6,,,
424,294,1398-06-08,Cleaning,,,4,,,
425,294,1398-06-08,Cleaning,,,5,,,
426,294,1398-06-08,Cleaning,,,10,,,
427,294,1398-06-08,Cleaning,,,8,,,
428,294,1398-06-08,Cleaning,,,7,,,
429,294,1398-06-08,Cleaning,,,6,,,
430,295,1398-06-23,Cleaning,,,4,,,
431,295,1398-06-23,Cleaning,,,5,,,
432,295,1398-06-23,Cleaning,,,10,,,
433,295,1398-06-23,Cleaning,,,8,,,
434,295,1398-06-23,Cleaning,,,7,,,
435,295,1398-06-23,Cleaning,,,2,,,
436,295,1398-06-23,Cleaning,,,6,,,
437,321,1398-09-15,Cleaning,,,4,,,
438,321,1398-09-15,Cleaning,,,3,,,
439,321,1398-09-15,Cleaning,,,5,,,
440,321,1398-09-15,Cleaning,,,10,,,
441,321,1398-09-15,Cleaning,,,1,,,
442,321,1398-09-15,Cleaning,,,8,,,
443,321,1398-09-15,Cleaning,,,9,,,
444,321,1398-09-15,Cleaning,,,7,,,
445,321,1398-09-15,Cleaning,,,2,,,
446,321,1398-09-15,Cleaning,,,6,,,
447,318,1398-09-27,Cleaning,,,4,,,
448,318,1398-09-27,Cleaning,,,8,,,
449,316,1398-10-12,Cleaning,,,4,,,
450,316,1398-10-12,Cleaning,,,5,,,
451,316,1398-10-12,Cleaning,,,10,,,
452,316,1398-10-12,Cleaning,,,1,,,
453,316,1398-10-12,Cleaning,,,8,,,
454,316,1398-10-12,Cleaning,,,7,,,
455,316,1398-10-12,Cleaning,,,2,,,
456,316,1398-10-12,Cleaning,,,6,,,
457,316,1398-10-30,Cleaning,,,4,,,
458,316,1398-10-30,Cleaning,,,3,,,
459,316,1398-10-30,Cleaning,,,5,,,
460,316,1398-10-30,Cleaning,,,10,,,
461,316,1398-10-30,Cleaning,,,9,,,
462,346,1398-11-09,Cleaning,,,4,,,
463,346,1398-11-09,Cleaning,,,3,,,
464,346,1398-11-09,Cleaning,,,5,,,
465,346,1398-11-09,Cleaning,,,1,,,
466,346,1398-11-09,Cleaning,,,8,,,
467,346,1398-11-09,Cleaning,,,7,,,
468,346,1398-11-09,Cleaning,,,2,,,
469,346,1398-11-09,Cleaning,,,6,,,
470,314,1398-12-14,Cleaning,,,4,,,
471,314,1398-12-14,Cleaning,,,3,,,
472,314,1398-12-14,Cleaning,,,5,,,
473,314,1398-12-14,Cleaning,,,10,,,
474,314,1398-12-14,Cleaning,,,1,,,
475,314,1398-12-14,Cleaning,,,8,,,
476,314,1398-12-14,Cleaning,,,9,,,
477,314,1398-12-14,Cleaning,,,7,,,
478,314,1398-12-14,Cleaning,,,6,,,
479,377,1398-12-27,Cleaning,,,4,,,
480,377,1398-12-27,Cleaning,,,3,,,
481,377,1398-12-27,Cleaning,,,5,,,
482,377,1398-12-27,Cleaning,,,10,,,
483,377,1398-12-27,Cleaning,,,8,,,
484,341,1399-01-25,Cleaning,,,4,,,
485,341,1399-01-25,Cleaning,,,3,,,
486,341,1399-01-25,Cleaning,,,5,,,
487,341,1399-01-25,Cleaning,,,10,,,
488,341,1399-01-25,Cleaning,,,1,,,
489,341,1399-01-25,Cleaning,,,9,,,
490,341,1399-01-25,Cleaning,,,7,,,
491,341,1399-01-25,Cleaning,,,6,,,
492,2283,1397-03-12,Elevator,,,4,,,
493,2283,1397-03-12,Elevator,,,3,,,
494,2283,1397-03-12,Elevator,,,5,,,
495,2283,1397-03-12,Elevator,,,10,,,
496,2283,1397-03-12,Elevator,,,1,,,
497,2283,1397-03-12,Elevator,,,8,,,
498,2283,1397-03-12,Elevator,,,9,,,
499,2283,1397-03-12,Elevator,,,7,,,
500,2283,1397-03-12,Elevator,,,2,,,
501,2283,1397-03-12,Elevator,,,6,,,
502,462,1397-08-07,Elevator,,,4,,,
503,462,1397-08-07,Elevator,,,3,,,
504,462,1397-08-07,Elevator,,,5,,,
505,462,1397-08-07,Elevator,,,10,,,
506,462,1397-08-07,Elevator,,,1,,,
507,462,1397-08-07,Elevator,,,8,,,
508,462,1397-08-07,Elevator,,,9,,,
509,462,1397-08-07,Elevator,,,7,,,
510,462,1397-08-07,Elevator,,,2,,,
511,462,1397-08-07,Elevator,,,6,,,
512,909,1398-02-24,Elevator,,,4,,,
513,909,1398-02-24,Elevator,,,3,,,
514,909,1398-02-24,Elevator,,,5,,,
515,909,1398-02-24,Elevator,,,10,,,
516,909,1398-02-24,Elevator,,,1,,,
517,909,1398-02-24,Elevator,,,8,,,
518,909,1398-02-24,Elevator,,,9,,,
519,909,1398-02-24,Elevator,,,7,,,
520,909,1398-02-24,Elevator,,,2,,,
521,909,1398-02-24,Elevator,,,6,,,
522,4084,1398-09-19,Elevator,,,4,,,
523,4084,1398-09-19,Elevator,,,3,,,
524,4084,1398-09-19,Elevator,,,5,,,
525,4084,1398-09-19,Elevator,,,10,,,
526,4084,1398-09-19,Elevator,,,1,,,
527,4084,1398-09-19,Elevator,,,8,,,
528,4084,1398-09-19,Elevator,,,9,,,
529,4084,1398-09-19,Elevator,,,7,,,
530,4084,1398-09-19,Elevator,,,2,,,
531,4084,1398-09-19,Elevator,,,6,,,
532,147,1397-06-15,Parking,,,4,,,
533,147,1397-06-15,Parking,,,3,,,
534,147,1397-06-15,Parking,,,5,,,
535,147,1397-06-15,Parking,,,10,,,
536,147,1397-06-15,Parking,,,1,,,
537,147,1397-06-15,Parking,,,8,,,
538,147,1397-06-15,Parking,,,9,,,
539,147,1397-06-15,Parking,,,7,,,
540,147,1397-06-15,Parking,,,2,,,
541,147,1397-06-15,Parking,,,6,,,
542,408,1398-02-31,Parking,,,4,,,
543,408,1398-02-31,Parking,,,3,,,
544,408,1398-02-31,Parking,,,5,,,
545,408,1398-02-31,Parking,,,10,,,
546,408,1398-02-31,Parking,,,1,,,
547,408,1398-02-31,Parking,,,8,,,
548,408,1398-02-31,Parking,,,9,,,
549,408,1398-02-31,Parking,,,7,,,
550,408,1398-02-31,Parking,,,2,,,
551,408,1398-02-31,Parking,,,6,,,
552,14,1398-10-21,Parking,,,4,,,
553,14,1398-10-21,Parking,,,3,,,
554,14,1398-10-21,Parking,,,5,,,
555,14,1398-10-21,Parking,,,10,,,
556,14,1398-10-21,Parking,,,1,,,
557,14,1398-10-21,Parking,,,8,,,
558,14,1398-10-21,Parking,,,9,,,
559,14,1398-10-21,Parking,,,7,,,
560,14,1398-10-21,Parking,,,2,,,
561,14,1398-10-21,Parking,,,6,,,
562,155,1397-01-18,Repairment,,,4,,,
563,155,1397-01-18,Repairment,,,3,,,
564,155,1397-01-18,Repairment,,,5,,,
565,155,1397-01-18,Repairment,,,10,,,
566,155,1397-01-18,Repairment,,,1,,,
567,155,1397-01-18,Repairment,,,8,,,
568,155,1397-01-18,Repairment,,,9,,,
569,155,1397-01-18,Repairment,,,7,,,
570,155,1397-01-18,Repairment,,,2,,,
571,155,1397-01-18,Repairment,,,6,,,
572,158,1397-03-26,Repairment,,,4,,,
573,158,1397-03-26,Repairment,,,3,,,
574,158,1397-03-26,Repairment,,,5,,,
575,158,1397-03-26,Repairment,,,10,,,
576,158,1397-03-26,Repairment,,,1,,,
577,158,1397-03-26,Repairment,,,8,,,
578,158,1397-03-26,Repairment,,,9,,,
579,158,1397-03-26,Repairment,,,7,,,
580,158,1397-03-26,Repairment,,,2,,,
581,158,1397-03-26,Repairment,,,6,,,
582,157,1397-05-12,Repairment,,,4,,,
583,157,1397-05-12,Repairment,,,3,,,
584,157,1397-05-12,Repairment,,,5,,,
585,157,1397-05-12,Repairment,,,10,,,
586,157,1397-05-12,Repairment,,,1,,,
587,157,1397-05-12,Repairment,,,8,,,
588,157,1397-05-12,Repairment,,,9,,,
589,157,1397-05-12,Repairment,,,7,,,
590,157,1397-05-12,Repairment,,,2,,,
591,157,1397-05-12,Repairment,,,6,,,
592,247,1397-07-17,Repairment,,,4,,,
593,247,1397-07-17,Repairment,,,3,,,
594,247,1397-07-17,Repairment,,,5,,,
595,247,1397-07-17,Repairment,,,10,,,
596,247,1397-07-17,Repairment,,,1,,,
597,247,1397-07-17,Repairment,,,8,,,
598,247,1397-07-17,Repairment,,,9,,,
599,247,1397-07-17,Repairment,,,7,,,
600,247,1397-07-17,Repairment,,,2,,,
601,247,1397-07-17,Repairment,,,6,,,
602,195,1397-09-20,Repairment,,,4,,,
603,195,1397-09-20,Repairment,,,3,,,
604,195,1397-09-20,Repairment,,,5,,,
605,195,1397-09-20,Repairment,,,10,,,
606,195,1397-09-20,Repairment,,,1,,,
607,195,1397-09-20,Repairment,,,8,,,
608,195,1397-09-20,Repairment,,,9,,,
609,195,1397-09-20,Repairment,,,7,,,
610,195,1397-09-20,Repairment,,,2,,,
611,195,1397-09-20,Repairment,,,6,,,
612,228,1397-12-25,Repairment,,,4,,,
613,228,1397-12-25,Repairment,,,3,,,
614,228,1397-12-25,Repairment,,,5,,,
615,228,1397-12-25,Repairment,,,10,,,
616,228,1397-12-25,Repairment,,,1,,,
617,228,1397-12-25,Repairment,,,8,,,
618,228,1397-12-25,Repairment,,,9,,,
619,228,1397-12-25,Repairment,,,7,,,
620,228,1397-12-25,Repairment,,,2,,,
621,228,1397-12-25,Repairment,,,6,,,
622,253,1398-02-12,Repairment,,,4,,,
623,253,1398-02-12,Repairment,,,3,,,
624,253,1398-02-12,Repairment,,,5,,,
625,253,1398-02-12,Repairment,,,10,,,
626,253,1398-02-12,Repairment,,,1,,,
627,253,1398-02-12,Repairment,,,8,,,
628,253,1398-02-12,Repairment,,,9,,,
629,253,1398-02-12,Repairment,,,7,,,
630,253,1398-02-12,Repairment,,,2,,,
631,253,1398-02-12,Repairment,,,6,,,
632,338,1398-04-03,Repairment,,,4,,,
633,338,1398-04-03,Repairment,,,3,,,
634,338,1398-04-03,Repairment,,,5,,,
635,338,1398-04-03,Repairment,,,10,,,
636,338,1398-04-03,Repairment,,,1,,,
637,338,1398-04-03,Repairment,,,8,,,
638,338,1398-04-03,Repairment,,,9,,,
639,338,1398-04-03,Repairment,,,7,,,
640,338,1398-04-03,Repairment,,,2,,,
641,338,1398-04-03,Repairment,,,6,,,
642,222,1398-06-07,Repairment,,,4,,,
643,222,1398-06-07,Repairment,,,3,,,
644,222,1398-06-07,Repairment,,,5,,,
645,222,1398-06-07,Repairment,,,10,,,
646,222,1398-06-07,Repairment,,,1,,,
647,222,1398-06-07,Repairment,,,8,,,
648,222,1398-06-07,Repairment,,,9,,,
649,222,1398-06-07,Repairment,,,7,,,
650,222,1398-06-07,Repairment,,,2,,,
651,222,1398-06-07,Repairment,,,6,,,
652,159,1398-08-20,Repairment,,,4,,,
653,159,1398-08-20,Repairment,,,3,,,
654,159,1398-08-20,Repairment,,,5,,,
655,159,1398-08-20,Repairment,,,10,,,
656,159,1398-08-20,Repairment,,,1,,,
657,159,1398-08-20,Repairment,,,8,,,
658,159,1398-08-20,Repairment,,,9,,,
659,159,1398-08-20,Repairment,,,7,,,
660,159,1398-08-20,Repairment,,,2,,,
661,159,1398-08-20,Repairment,,,6,,,
662,393,1398-09-30,Repairment,,,4,,,
663,393,1398-09-30,Repairment,,,3,,,
664,393,1398-09-30,Repairment,,,5,,,
665,393,1398-09-30,Repairment,,,10,,,
666,393,1398-09-30,Repairment,,,1,,,
667,393,1398-09-30,Repairment,,,8,,,
668,393,1398-09-30,Repairment,,,9,,,
669,393,1398-09-30,Repairment,,,7,,,
670,393,1398-09-30,Repairment,,,2,,,
671,393,1398-09-30,Repairment,,,6,,,
672,354,1399-01-07,Repairment,,,4,,,
673,354,1399-01-07,Repairment,,,3,,,
674,354,1399-01-07,Repairment,,,5,,,
675,354,1399-01-07,Repairment,,,10,,,
676,354,1399-01-07,Repairment,,,1,,,
677,354,1399-01-07,Repairment,,,8,,,
678,354,1399-01-07,Repairment,,,9,,,
679,354,1399-01-07,Repairment,,,7,,,
680,354,1399-01-07,Repairment,,,2,,,
681,354,1399-01-07,Repairment,,,6,,,
682,302,1399-02-22,Repairment,,,4,,,
683,302,1399-02-22,Repairment,,,3,,,
684,302,1399-02-22,Repairment,,,5,,,
685,302,1399-02-22,Repairment,,,10,,,
686,302,1399-02-22,Repairment,,,1,,,
687,302,1399-02-22,Repairment,,,8,,,
688,302,1399-02-22,Repairment,,,9,,,
689,302,1399-02-22,Repairment,,,7,,,
690,302,1399-02-22,Repairment,,,2,,,
691,302,1399-02-22,Repairment,,,6,,,
692,121,1397-03-07,Other,,,4,,,
693,121,1397-03-07,Other,,,3,,,
694,121,1397-03-07,Other,,,5,,,
695,121,1397-03-07,Other,,,10,,,
696,121,1397-03-07,Other,,,1,,,
697,121,1397-03-07,Other,,,8,,,
698,121,1397-03-07,Other,,,9,,,
699,121,1397-03-07,Other,,,7,,,
700,121,1397-03-07,Other,,,2,,,
701,121,1397-03-07,Other,,,6,,,
702,151,1397-06-27,Other,,,4,,,
703,151,1397-06-27,Other,,,5,,,
704,151,1397-06-27,Other,,,7,,,
705,151,1397-06-27,Other,,,2,,,
706,157,1398-02-06,Other,,,4,,,
707,157,1398-02-06,Other,,,10,,,
708,157,1398-02-06,Other,,,8,,,
709,157,1398-02-06,Other,,,2,,,
710,167,1398-06-05,Other,,,4,,,
711,167,1398-06-05,Other,,,5,,,
712,167,1398-06-05,Other,,,1,,,
713,167,1398-06-05,Other,,,9,,,
714,167,1398-06-05,Other,,,7,,,
715,167,1398-06-05,Other,,,2,,,
716,167,1398-06-05,Other,,,6,,,
717,169,1398-08-19,Other,,,4,,,
718,169,1398-08-19,Other,,,3,,,
719,169,1398-08-19,Other,,,10,,,
720,169,1398-08-19,Other,,,1,,,
721,169,1398-08-19,Other,,,8,,,
722,169,1398-08-19,Other,,,6,,,
723,174,1398-09-13,Other,,,4,,,
724,174,1398-09-13,Other,,,5,,,
725,174,1398-09-13,Other,,,10,,,
726,174,1398-09-13,Other,,,1,,,
727,174,1398-09-13,Other,,,8,,,
728,174,1398-09-13,Other,,,9,,,
729,174,1398-09-13,Other,,,2,,,
730,211,1399-01-22,Other,,,4,,,
731,211,1399-01-22,Other,,,3,,,
732,211,1399-01-22,Other,,,10,,,
733,211,1399-01-22,Other,,,1,,,
734,211,1399-01-22,Other,,,8,,,
735,211,1399-01-22,Other,,,7,,,
736,211,1399-01-22,Other,,,2,,,
737,211,1399-01-22,Other,,,6,,,
738,230,1397-03-14,Bills,Water,,3,,,
739,230,1397-03-14,Bills,Water,,5,,,
740,230,1397-03-14,Bills,Water,,1,,,
741,230,1397-03-14,Bills,Water,,6,,,
742,275,1397-08-07,Bills,Water,,3,,,
743,275,1397-08-07,Bills,Water,,10,,,
744,275,1397-08-07,Bills,Water,,9,,,
745,275,1397-08-07,Bills,Water,,7,,,
746,321,1397-09-07,Bills,Water,,3,,,
747,321,1397-09-07,Bills,Water,,10,,,
748,321,1397-09-07,Bills,Water,,1,,,
749,321,1397-09-07,Bills,Water,,8,,,
750,321,1397-09-07,Bills,Water,,9,,,
751,321,1397-09-07,Bills,Water,,2,,,
752,321,1397-09-07,Bills,Water,,6,,,
753,438,1397-10-08,Bills,Water,,3,,,
754,438,1397-10-08,Bills,Water,,5,,,
755,438,1397-10-08,Bills,Water,,1,,,
756,438,1397-10-08,Bills,Water,,8,,,
757,438,1397-10-08,Bills,Water,,9,,,
758,438,1397-10-08,Bills,Water,,7,,,
759,438,1397-10-08,Bills,Water,,2,,,
760,438,1397-10-08,Bills,Water,,6,,,
761,346,1397-11-09,Bills,Water,,3,,,
762,346,1397-11-09,Bills,Water,,5,,,
763,346,1397-11-09,Bills,Water,,1,,,
764,346,1397-11-09,Bills,Water,,8,,,
765,346,1397-11-09,Bills,Water,,9,,,
766,346,1397-11-09,Bills,Water,,7,,,
767,346,1397-11-09,Bills,Water,,2,,,
768,346,1397-11-09,Bills,Water,,6,,,
769,329,1398-04-08,Bills,Water,,3,,,
770,329,1398-04-08,Bills,Water,,5,,,
771,329,1398-04-08,Bills,Water,,8,,,
772,329,1398-04-08,Bills,Water,,9,,,
773,329,1398-04-08,Bills,Water,,2,,,
774,329,1398-04-08,Bills,Water,,6,,,
775,282,1398-09-01,Bills,Water,,3,,,
776,282,1398-09-01,Bills,Water,,5,,,
777,282,1398-09-01,Bills,Water,,1,,,
778,282,1398-09-01,Bills,Water,,8,,,
779,282,1398-09-01,Bills,Water,,9,,,
780,282,1398-09-01,Bills,Water,,2,,,
781,436,1398-09-30,Bills,Water,,3,,,
782,436,1398-09-30,Bills,Water,,9,,,
783,436,1398-09-30,Bills,Water,,7,,,
784,352,1398-11-01,Bills,Water,,3,,,
785,352,1398-11-01,Bills,Water,,5,,,
786,352,1398-11-01,Bills,Water,,10,,,
787,352,1398-11-01,Bills,Water,,8,,,
788,352,1398-11-01,Bills,Water,,9,,,
789,352,1398-11-01,Bills,Water,,6,,,
790,300,1399-03-02,Bills,Water,,3,,,
791,300,1399-03-02,Bills,Water,,1,,,
792,80,1397-02-28,Bills,Electricity,,3,,,
793,80,1397-02-28,Bills,Electricity,,10,,,
794,80,1397-02-28,Bills,Electricity,,1,,,
795,80,1397-02-28,Bills,Electricity,,8,,,
796,80,1397-02-28,Bills,Electricity,,9,,,
797,80,1397-02-28,Bills,Electricity,,6,,,
798,119,1397-11-18,Bills,Electricity,,3,,,
799,119,1397-11-18,Bills,Electricity,,5,,,
800,119,1397-11-18,Bills,Electricity,,10,,,
801,119,1397-11-18,Bills,Electricity,,8,,,
802,119,1397-11-18,Bills,Electricity,,9,,,
803,119,1397-11-18,Bills,Electricity,,2,,,
804,120,1398-08-18,Bills,Electricity,,3,,,
805,120,1398-08-18,Bills,Electricity,,10,,,
806,120,1398-08-18,Bills,Electricity,,9,,,
807,120,1398-08-18,Bills,Electricity,,2,,,
808,120,1398-08-18,Bills,Electricity,,6,,,
809,162,1399-02-12,Bills,Electricity,,3,,,
810,162,1399-02-12,Bills,Electricity,,5,,,
811,162,1399-02-12,Bills,Electricity,,10,,,
812,162,1399-02-12,Bills,Electricity,,1,,,
813,162,1399-02-12,Bills,Electricity,,9,,,
814,162,1399-02-12,Bills,Electricity,,7,,,
815,162,1399-02-12,Bills,Electricity,,2,,,
816,162,1399-02-12,Bills,Electricity,,6,,,
817,518,1397-02-23,Bills,Gas,,3,,,
818,518,1397-02-23,Bills,Gas,,5,,,
819,518,1397-02-23,Bills,Gas,,10,,,
820,518,1397-02-23,Bills,Gas,,1,,,
821,518,1397-02-23,Bills,Gas,,8,,,
822,518,1397-02-23,Bills,Gas,,9,,,
823,518,1397-02-23,Bills,Gas,,7,,,
824,518,1397-02-23,Bills,Gas,,2,,,
825,518,1397-02-23,Bills,Gas,,6,,,
826,331,1398-01-07,Bills,Gas,,3,,,
827,331,1398-01-07,Bills,Gas,,5,,,
828,331,1398-01-07,Bills,Gas,,10,,,
829,331,1398-01-07,Bills,Gas,,1,,,
830,331,1398-01-07,Bills,Gas,,8,,,
831,331,1398-01-07,Bills,Gas,,9,,,
832,331,1398-01-07,Bills,Gas,,7,,,
833,331,1398-01-07,Bills,Gas,,6,,,
834,717,1398-06-08,Bills,Gas,,3,,,
835,717,1398-06-08,Bills,Gas,,5,,,
836,717,1398-06-08,Bills,Gas,,10,,,
837,717,1398-06-08,Bills,Gas,,1,,,
838,717,1398-06-08,Bills,Gas,,8,,,
839,717,1398-06-08,Bills,Gas,,9,,,
840,717,1398-06-08,Bills,Gas,,7,,,
841,717,1398-06-08,Bills,Gas,,2,,,
842,717,1398-06-08,Bills,Gas,,6,,,
843,613,1399-02-13,Bills,Gas,,3,,,
844,613,1399-02-13,Bills,Gas,,8,,,
845,613,1399-02-13,Bills,Gas,,9,,,
846,254,1397-04-15,Cleaning,,,3,,,
847,254,1397-04-15,Cleaning,,,10,,,
848,254,1397-04-15,Cleaning,,,8,,,
849,254,1397-04-15,Cleaning,,,7,,,
850,254,1397-04-15,Cleaning,,,2,,,
851,252,1397-05-01,Cleaning,,,3,,,
852,252,1397-05-01,Cleaning,,,8,,,
853,252,1397-05-01,Cleaning,,,7,,,
854,230,1397-06-26,Cleaning,,,3,,,
855,230,1397-06-26,Cleaning,,,1,,,
856,230,1397-06-26,Cleaning,,,8,,,
857,230,1397-06-26,Cleaning,,,9,,,
858,230,1397-06-26,Cleaning,,,2,,,
859,248,1397-07-17,Cleaning,,,3,,,
860,248,1397-07-17,Cleaning,,,5,,,
861,248,1397-07-17,Cleaning,,,10,,,
862,248,1397-07-17,Cleaning,,,1,,,
863,248,1397-07-17,Cleaning,,,7,,,
864,252,1397-10-04,Cleaning,,,3,,,
865,252,1397-10-04,Cleaning,,,1,,,
866,252,1397-10-04,Cleaning,,,9,,,
867,252,1397-10-04,Cleaning,,,2,,,
868,252,1397-10-04,Cleaning,,,6,,,
869,275,1397-12-26,Cleaning,,,3,,,
870,275,1397-12-26,Cleaning,,,5,,,
871,275,1397-12-26,Cleaning,,,10,,,
872,275,1397-12-26,Cleaning,,,8,,,
873,275,1397-12-26,Cleaning,,,9,,,
874,275,1397-12-26,Cleaning,,,7,,,
875,275,1397-12-26,Cleaning,,,2,,,
876,275,1397-12-26,Cleaning,,,6,,,
877,281,1398-01-21,Cleaning,,,3,,,
878,281,1398-01-21,Cleaning,,,5,,,
879,281,1398-01-21,Cleaning,,,10,,,
880,281,1398-01-21,Cleaning,,,1,,,
881,281,1398-01-21,Cleaning,,,9,,,
882,281,1398-01-21,Cleaning,,,7,,,
883,281,1398-01-21,Cleaning,,,2,,,
884,281,1398-01-21,Cleaning,,,6,,,
885,292,1398-05-27,Cleaning,,,3,,,
886,292,1398-05-27,Cleaning,,,1,,,
887,292,1398-05-27,Cleaning,,,7,,,
888,316,1398-07-20,Cleaning,,,3,,,
889,316,1398-07-20,Cleaning,,,5,,,
890,316,1398-07-20,Cleaning,,,10,,,
891,316,1398-07-20,Cleaning,,,8,,,
892,316,1398-07-20,Cleaning,,,7,,,
893,316,1398-07-20,Cleaning,,,6,,,
894,301,1398-08-27,Cleaning,,,3,,,
895,301,1398-08-27,Cleaning,,,5,,,
896,301,1398-08-27,Cleaning,,,8,,,
897,301,1398-08-27,Cleaning,,,9,,,
898,301,1398-08-27,Cleaning,,,7,,,
899,301,1398-08-27,Cleaning,,,2,,,
900,145,1397-10-03,Other,,,3,,,
901,145,1397-10-03,Other,,,5,,,
902,145,1397-10-03,Other,,,8,,,
903,145,1397-10-03,Other,,,7,,,
904,145,1397-10-03,Other,,,2,,,
905,145,1397-10-03,Other,,,6,,,
906,234,1399-02-30,Other,,,3,,,
907,234,1399-02-30,Other,,,2,,,
908,211,1397-04-09,Bills,Water,,5,,,
909,211,1397-04-09,Bills,Water,,10,,,
910,211,1397-04-09,Bills,Water,,1,,,
911,211,1397-04-09,Bills,Water,,9,,,
912,211,1397-04-09,Bills,Water,,7,,,
913,211,1397-04-09,Bills,Water,,2,,,
914,211,1397-04-09,Bills,Water,,6,,,
915,250,1397-07-08,Bills,Water,,5,,,
916,250,1397-07-08,Bills,Water,,10,,,
917,250,1397-07-08,Bills,Water,,8,,,
918,250,1397-07-08,Bills,Water,,2,,,
919,250,1397-07-08,Bills,Water,,6,,,
920,123,1398-10-02,Bills,Electricity,,5,,,
921,123,1398-10-02,Bills,Electricity,,1,,,
922,123,1398-10-02,Bills,Electricity,,9,,,
923,441,1397-09-07,Bills,Gas,,5,,,
924,441,1397-09-07,Bills,Gas,,1,,,
925,441,1397-09-07,Bills,Gas,,8,,,
926,441,1397-09-07,Bills,Gas,,9,,,
927,562,1399-01-04,Bills,Gas,,5,,,
928,562,1399-01-04,Bills,Gas,,8,,,
929,562,1399-01-04,Bills,Gas,,6,,,
930,488,1399-03-15,Bills,Gas,,5,,,
931,2628,1398-07-12,Bills,tax,,5,,,
932,2628,1398-07-12,Bills,tax,,10,,,
933,2628,1398-07-12,Bills,tax,,8,,,
934,2628,1398-07-12,Bills,tax,,6,,,
935,319,1398-07-09,Cleaning,,,5,,,
936,319,1398-07-09,Cleaning,,,7,,,
937,319,1398-07-09,Cleaning,,,2,,,
938,319,1398-07-09,Cleaning,,,6,,,
939,302,1398-08-11,Cleaning,,,5,,,
940,302,1398-08-11,Cleaning,,,1,,,
941,302,1398-08-11,Cleaning,,,8,,,
942,302,1398-08-11,Cleaning,,,9,,,
943,302,1398-08-11,Cleaning,,,7,,,
944,302,1398-08-11,Cleaning,,,2,,,
945,308,1398-11-23,Cleaning,,,5,,,
946,308,1398-11-23,Cleaning,,,1,,,
947,342,1399-01-12,Cleaning,,,5,,,
948,342,1399-01-12,Cleaning,,,1,,,
949,342,1399-01-12,Cleaning,,,8,,,
950,342,1399-01-12,Cleaning,,,7,,,
951,342,1399-01-12,Cleaning,,,2,,,
952,342,1399-01-12,Cleaning,,,6,,,
953,167,1397-12-13,Other,,,5,,,
954,167,1397-12-13,Other,,,10,,,
955,167,1397-12-13,Other,,,8,,,
956,167,1397-12-13,Other,,,2,,,
957,167,1397-12-13,Other,,,6,,,
958,562,1397-03-29,Bills,Gas,,10,,,
959,562,1397-03-29,Bills,Gas,,1,,,
960,562,1397-03-29,Bills,Gas,,7,,,
961,562,1397-03-29,Bills,Gas,,2,,,
962,505,1398-07-16,Bills,Gas,,10,,,
963,505,1398-07-16,Bills,Gas,,8,,,
964,284,1398-03-01,Cleaning,,,10,,,
965,284,1398-03-01,Cleaning,,,1,,,
966,284,1398-03-01,Cleaning,,,8,,,
967,284,1398-03-01,Cleaning,,,9,,,
968,284,1398-03-01,Cleaning,,,7,,,
969,284,1398-03-01,Cleaning,,,6,,,
970,301,1398-03-18,Cleaning,,,10,,,
971,301,1398-03-18,Cleaning,,,1,,,
972,301,1398-03-18,Cleaning,,,8,,,
973,133,1397-04-28,Other,,,10,,,
974,133,1397-04-28,Other,,,1,,,
975,133,1397-04-28,Other,,,7,,,
976,133,1397-04-28,Other,,,2,,,
977,124,1397-04-08,Bills,Electricity,,1,,,
978,124,1397-04-08,Bills,Electricity,,9,,,
979,124,1397-04-08,Bills,Electricity,,7,,,
980,124,1397-04-08,Bills,Electricity,,6,,,
981,275,1397-10-18,Bills,Gas,,1,,,
982,275,1397-10-18,Bills,Gas,,8,,,
983,255,1397-10-18,Cleaning,,,1,,,
984,255,1397-10-18,Cleaning,,,8,,,
985,255,1397-10-18,Cleaning,,,2,,,
986,255,1397-10-18,Cleaning,,,6,,,
987,451,1398-03-09,Bills,Water,,8,,,
988,451,1398-03-09,Bills,Water,,2,,,
989,451,1398-03-09,Bills,Water,,6,,,
